{"task1": {"||x||": 0.5773502691896257, "||x^2||": 0.4472135954999579, "<x, x^2>": 0.25, "cos": 0.9682458365518544}, "task2": {"||sin x||": 1.7724538509055159, "||cos x||": 1.7724538509055163, "<sin x, cos x>": -1.684979962018936e-16, "cos": -5.363457799322154e-17}, "task3": {"||exp x||": 1.787324270932761, "||sin x||": 1.7724538509055159, "<exp x, sin x>": 12.070346316389633, "cos": 3.810144455749548}}